,id,title_fa,price,status,url
0,22832550,هدفون بلوتوثی دبلیو کی دیزاین مدل KING32KONG ,29999900,marketable,https://www.digikala.com/product/dkp-22832550/هدفون-بلوتوثی-دبلیو-کی-دیزاین-مدل-king32kong
1,19223265,هدست گیمینگ روگوشی اونیکوما مدل x33 با صدای فراگیر شفاف، نورپردازی RGB و اتصال باسیم از طریق USB و USB Type-C,30586000,marketable,https://www.digikala.com/product/dkp-19223265/هدست-گیمینگ-روگوشی-اونیکوما-مدل-x33-با-صدای-فراگیر-شفاف-نورپردازی-rgb-و-اتصال-باسیم-از-طریق-usb-و-usb-type-c
2,22845121,هدفون بلوتوثی دبلیو کی دیزاین مدل MWSNET23 ,25999900,marketable,https://www.digikala.com/product/dkp-22845121/هدفون-بلوتوثی-دبلیو-کی-دیزاین-مدل-mwsnet23
3,3537683,هدست گیمینگ ریزر مدل BlackShark V2 X با نویز کنسلینگ بدنه و نویز کنسلینگ میکروفون (ENC)، اتصال از طریق جک 3.5 میلی‌متری، دارای صدای فراگیر 7.1 کاناله، دارای تکنولوژی صدای 360 درجه,115000000,marketable,https://www.digikala.com/product/dkp-3537683/هدست-گیمینگ-ریزر-مدل-blackshark-v2-x-با-نویز-کنسلینگ-بدنه-و-نویز-کنسلینگ-میکروفون-enc-اتصال-از-طریق-جک-35-میلیمتری-دارای-صدای-فراگیر-71-کاناله-دارای-تکنولوژی-صدای-360-درجه
4,22346793,هدفون بلوتوثی موزیک آپولو مدل PD-BtAP800,30999900,marketable,https://www.digikala.com/product/dkp-22346793/هدفون-بلوتوثی-موزیک-آپولو-مدل-pd-btap800
5,16024148,هدفون بلوتوثی انکر مدل Soundcore Q20i با نویز کنسلینگ فعال (ANC)، درگاه شارژ USB Type-C، دارای 2 میکروفون داخلی و 2 میکروفون خارجی، پشتیبانی از صدای Hi-Res از طریق کابل AUX,78200000,marketable,https://www.digikala.com/product/dkp-16024148/هدفون-بلوتوثی-انکر-مدل-soundcore-q20i-با-نویز-کنسلینگ-فعال-anc-درگاه-شارژ-usb-type-c-دارای-2-میکروفون-داخلی-و-2-میکروفون-خارجی-پشتیبانی-از-صدای-hi-res-از-طریق-کابل-aux
6,18496625,هدفون بلوتوثی انکر مدل Soundcore Q11i بدون قابلیت نویز کنسلینگ، درگاه شارژ USB Type-C، دارای میکروفون داخلی، شارژ سریع,59000000,marketable,https://www.digikala.com/product/dkp-18496625/هدفون-بلوتوثی-انکر-مدل-soundcore-q11i-بدون-قابلیت-نویز-کنسلینگ-درگاه-شارژ-usb-type-c-دارای-میکروفون-داخلی-شارژ-سریع
7,18908507,هدست گیمینگ روگوشی هیسکا مدل GHR-08 با صدای فراگیر 7.1 کاناله، درایور 53 میلی‌متری، اتصال با سیم USB، میکروفون حساس، نورپردازی RGB و هدبند قابل تنظیم,67900000,marketable,https://www.digikala.com/product/dkp-18908507/هدست-گیمینگ-روگوشی-هیسکا-مدل-ghr-08-با-صدای-فراگیر-71-کاناله-درایور-53-میلیمتری-اتصال-با-سیم-usb-میکروفون-حساس-نورپردازی-rgb-و-هدبند-قابل-تنظیم
8,16869945,هدست گیمینگ روگوشی اونیکوما B100 با اتصال دوگانه، درایور 50 میلی‌متری، باتری 1000 میلی‌آمپر‌ساعت، شارژدهی تا 60 ساعت بدون نور RGB و تا 20 ساعت با نور RGB، دانگل USB و کابل صدا به Type-C,52500000,marketable,https://www.digikala.com/product/dkp-16869945/هدست-گیمینگ-روگوشی-اونیکوما-b100-با-اتصال-دوگانه-درایور-50-میلیمتری-باتری-1000-میلیآمپرساعت-شارژدهی-تا-60-ساعت-بدون-نور-rgb-و-تا-20-ساعت-با-نور-rgb-دانگل-usb-و-کابل-صدا-به-type-c
9,20452466,هدست مخصوص بازی رپو مدل VH160S,43450000,marketable,https://www.digikala.com/product/dkp-20452466/هدست-مخصوص-بازی-رپو-مدل-vh160s
10,21651562,هدفون بلوتوثی موزیک آپولو مدل TWSDX C21,19999900,marketable,https://www.digikala.com/product/dkp-21651562/هدفون-بلوتوثی-موزیک-آپولو-مدل-twsdx-c21
11,16930757,هدست مخصوص بازی هایپرایکس مدل Cloud III,330990000,marketable,https://www.digikala.com/product/dkp-16930757/هدست-مخصوص-بازی-هایپرایکس-مدل-cloud-iii
12,14320961,هدفون بلوتوثی باسئوس مدل Bowie D05,43000000,marketable,https://www.digikala.com/product/dkp-14320961/هدفون-بلوتوثی-باسئوس-مدل-bowie-d05
13,12749430,هدفون بلوتوثی سونی مدل WH-CH520 درگاه شارژ USB Type-C، دارای طراحی چرخشی برای حمل و نگهداری آسان,123000000,marketable,https://www.digikala.com/product/dkp-12749430/هدفون-بلوتوثی-سونی-مدل-wh-ch520-درگاه-شارژ-usb-type-c-دارای-طراحی-چرخشی-برای-حمل-و-نگهداری-آسان
14,17034034,هدست گیمینگ رپو مدل VH350S RGB,45900000,marketable,https://www.digikala.com/product/dkp-17034034/هدست-گیمینگ-رپو-مدل-vh350s-rgb
15,18788520,هدفون بلوتوثی مدل Y30 با نویز کنسلینگ میکروفون (ENC)، درگاه شارژ USB Type-C، با قابلیت اتصال به چند دستگاه، دارای نشانگر LED، پشتیبانی از فرمان لمسی، طراحی ارگونومیک,46000000,marketable,https://www.digikala.com/product/dkp-18788520/هدفون-بلوتوثی-مدل-y30-با-نویز-کنسلینگ-میکروفون-enc-درگاه-شارژ-usb-type-c-با-قابلیت-اتصال-به-چند-دستگاه-دارای-نشانگر-led-پشتیبانی-از-فرمان-لمسی-طراحی-ارگونومیک
16,21926340,هدفون بلوتوثی رو گوشی انکر مدل soundcore AeroFit 2، دارای 4 میکروفن با تشخیص محیط و حذف‌نویز AI، پشتیبانی از اتصال هم‌زمان به چند دستگاه و فرمان لمسی، بلوتوث 5.4، مجهز به فناوری LDAC، مقاوم در برابر نفوذ آب و گرد و غبار، عمر باتری با محفظه تا 42 ساعت,178000000,marketable,https://www.digikala.com/product/dkp-21926340/هدفون-بلوتوثی-رو-گوشی-انکر-مدل-soundcore-aerofit-2-دارای-4-میکروفن-با-تشخیص-محیط-و-حذفنویز-ai-پشتیبانی-از-اتصال-همزمان-به-چند-دستگاه-و-فرمان-لمسی-بلوتوث-54-مجهز-به-فناوری-ldac-مقاوم-در-برابر-نفوذ-آب-و-گرد-و-غبار-عمر-باتری-با-محفظه-تا-42-ساعت
17,22748806,هدفون بلوتوثی دبلیو کی دیزاین مدل WSKIN30 ,28999900,marketable,https://www.digikala.com/product/dkp-22748806/هدفون-بلوتوثی-دبلیو-کی-دیزاین-مدل-wskin30
18,22190928,هدفون بلوتوثی موزیک آپولو مدل True Wireless C13 AP13,31999900,marketable,https://www.digikala.com/product/dkp-22190928/هدفون-بلوتوثی-موزیک-آپولو-مدل-true-wireless-c13-ap13
19,20964925,هدفون بلوتوثی رو گوشی مدل p9 با نویز کنسلینگ فعال، شارژ باسیم از طریق USB Type-C، کلید مدیریت صدا، جک 3.5 میلی‌متری و شیار کارت حافظه,9755900,marketable,https://www.digikala.com/product/dkp-20964925/هدفون-بلوتوثی-رو-گوشی-مدل-p9-با-نویز-کنسلینگ-فعال-شارژ-باسیم-از-طریق-usb-type-c-کلید-مدیریت-صدا-جک-35-میلیمتری-و-شیار-کارت-حافظه
20,21832665,هدست بلوتوثی انکر مدل Life Q20 Upgraded,72300000,marketable,https://www.digikala.com/product/dkp-21832665/هدست-بلوتوثی-انکر-مدل-life-q20-upgraded
21,14042225,هدفون بلوتوثی سونی مدل WH-CH720N با نویز کنسلینگ فعال (ANC)، درگاه شارژ USB Type-C، دارای اتصالات همزمان به دو دستگاه، طراحی سبک و ارگونومیک,320000000,marketable,https://www.digikala.com/product/dkp-14042225/هدفون-بلوتوثی-سونی-مدل-wh-ch720n-با-نویز-کنسلینگ-فعال-anc-درگاه-شارژ-usb-type-c-دارای-اتصالات-همزمان-به-دو-دستگاه-طراحی-سبک-و-ارگونومیک
22,6952670,هدست مخصوص بازی ردراگون مدل Hylas H260,52500000,marketable,https://www.digikala.com/product/dkp-6952670/هدست-مخصوص-بازی-ردراگون-مدل-hylas-h260
23,21873697,هدفون بلوتوثی جی بی ال مدل Tune 780NC,156000000,marketable,https://www.digikala.com/product/dkp-21873697/هدفون-بلوتوثی-جی-بی-ال-مدل-tune-780nc
24,21930435,هندزفری بلوتوثی ردمیکس مدل RED MX13,2310000,marketable,https://www.digikala.com/product/dkp-21930435/هندزفری-بلوتوثی-ردمیکس-مدل-red-mx13
25,22664996,هدفون ریولینک مدل AIR 3,18499900,marketable,https://www.digikala.com/product/dkp-22664996/هدفون-ریولینک-مدل-air-3
26,20482034,هدفون بلوتوثی مدل X55,4800000,marketable,https://www.digikala.com/product/dkp-20482034/هدفون-بلوتوثی-مدل-x55
27,21961802,هدفون ریولینک مدل RV-25 ANC,39996900,marketable,https://www.digikala.com/product/dkp-21961802/هدفون-ریولینک-مدل-rv-25-anc
28,12784577,هدفون بلوتوثی انکر مدل Soundcore P25i با نویز کنسلینگ فعال (ANC)، درگاه شارژ USB Type-C، مقاوم در برابر رطوبت و عرق,39500000,marketable,https://www.digikala.com/product/dkp-12784577/هدفون-بلوتوثی-انکر-مدل-soundcore-p25i-با-نویز-کنسلینگ-فعال-anc-درگاه-شارژ-usb-type-c-مقاوم-در-برابر-رطوبت-و-عرق
